{
	"pages": [ //pages数组中第一项表示应用启动页，参考：https://uniapp.dcloud.io/collocation/pages
		{
			"path":"pages/login/login",
			"style":{
				"navigationBarTitleText":"RVSS-实时视频监测系统",
				"navigationBarBackgroundColor":"#2b4b2b"
			}
		},
		{
			"path": "pages/headpage/headpage_user",
			"style":{
				"navigationBarTitleText":"RVSS-实时视频监测系统",
				"navigationBarBackgroundColor":"#2b4b2b",
				"app-plus":{
				                "titleNView":{
				                    "buttons":[
				                        {
				                            "text":"我的",
				                            "type":"none",
				                            "color":"#ffffff",
				                            "background":"#000000",
				                            "fontSize":"13px",
				                            "float":"left"
				                        },
				                        {
				                            "text":"帮助",
				                            "type":"none",
				                            "color":"#ffffff",
				                            "background":"#000000",
				                             "fontSize":"13px"
				                         }
				                    ]
				                 }
				            }
			}
		},
		{
			"path":"pages/headpage/headpage_admin",
			"style":{
				"navigationBarTitleText":"RVSS-实时视频监测系统",
				"navigationBarBackgroundColor":"#2b4b2b",
				"app-plus":{
				                "titleNView":{
				                    "buttons":[
				                        {
				                            "text":"我的",
				                            "type":"none",
				                            "color":"#ffffff",
				                            "background":"#000000",
				                            "fontSize":"13px",
				                            "float":"left"
				                        },
				                        {
				                            "text":"帮助",
				                            "type":"none",
				                            "color":"#ffffff",
				                            "background":"#000000",
				                             "fontSize":"13px"
				                         }
				                    ]
				                 }
				            }
			}
	
		},
		{
			"path": "pages/help/help",
			"style":{
				"navigationBarTitleText":"RVSS-实时视频监测系统",
				"navigationBarBackgroundColor":"#2b4b2b",
				"app-plus":{
					"titleNView":{
						"buttons":[
							{
								"text":"返回",
								"type":"none",
								"color":"#ffffff",
								"background":"#000000",
								"fontSize":"13px",
								"float":"left"
							}
						]
					}
				}
				
			}
		},
		{
			"path": "pages/index/index",
			"style":{
				"navigationBarTitleText":"RVSS-实时视频监测系统",
				"navigationBarBackgroundColor":"#2b4b2b",
				"titleNView":{
				    "buttons":[
				        {
				            "text":"返回",
				            "type":"none",
				            "color":"#ffffff",
				            "background":"#000000",
				            "fontSize":"13px",
				            "float":"left"
				        }
				    ]
				}
			}
		},
		{
			"path": "pages/detail/detail"
		},
		{
			"path":"pages/register/register",
			"style":{
				"navigationBarTitleText":"RVSS-实时视频监测系统",
				"navigationBarBackgroundColor":"#2b4b2b"
			}
		},
		{
			"path":"pages/invalid/invalid",
			"style":{
				"navigationBarTitleText":"RVSS-实时视频监测系统",
				"navigationBarBackgroundColor":"#2b4b2b"
			}
		},
		{
			"path":"pages/manage_admin/manage_admin",
			"style":{
				"navigationBarTitleText":"RVSS-实时视频监测系统",
				"navigationBarBackgroundColor":"#2b4b2b"
			}
		},{
			"path":"pages/monitor/monitor_user",
			"style":{
				"navigationBarTitleText":"RVSS-实时视频监测系统",
				"navigationBarBackgroundColor":"#2b4b2b"
			}
		},
		{
			"path":"pages/changePassword/changePassword",
			"style":{
				"navigationBarTitleText":"RVSS-实时视频监测系统",
				"navigationBarBackgroundColor":"#2b4b2b"
			}
		}
	],
	"globalStyle": {
		"navigationBarTextStyle": "white",
		"backgroundColor": "#2b4b2b",
		"enablePullDownRefresh":true,
		"backgroundTextStyle":"light"
		
	},
	"tabBar":{
		"selectedColor":"#2b4b2b",
		"backgroundColor":"#ffffff",
		//"borderStyle":"white",
		"list":[
			// {
			// 	"text":"注册界面",
			// 	"pagePath":"pages/login/login",
			// 	"iconPath":"static/tabs/3.png",
			// 	"selectedIconPath":"static/tabs/33.png"
			// },
			{
				"text":"帮助",
				"pagePath":"pages/help/help",
				"iconPath":"static/tabs/2.png",
				"selectedIconPath":"static/tabs/22.png"
			},
			// {
			// 	"text":"管理员首页",
			// 	//"pagePath":"pages/headpage/headpage_user",
			// 	"pagePath":"pages/headpage/headpage_admin",
			// 	"iconPath":"static/tabs/1.png",
			// 	"selectedIconPath":"static/tabs/11.png"
			// },
			// {
			// 	"text":"首页",
			// 	"pagePath":"pages/headpage/headpage_user",
			// 	"iconPath":"static/tabs/1.png",
			// 	"selectedIconPath":"static/tabs/11.png"
			// },
			
			{
				"text":"我的",
				"pagePath":"pages/index/index",
				"iconPath":"static/tabs/4.png",
				"selectedIconPath":"static/tabs/44.png"
			}	
		]
	},
	"condition":{
		"current":0,
		"list":[{
			"name":"aaa",
			"path":"pages/detail/detail",
			"query":"id=80"
		}]
	}
}
